diet_date,carbs_g,protein_g,fat_g,calories_kcal,cardio_semanal_min,bodyweight_kg,notes,cycle_id
2023-05-06,250,190,85,2525,210,104.3,,1
2023-05-07,250,190,85,2525,210,104.3,,1
2023-05-08,250,190,85,2525,210,104.3,,1
2023-05-09,250,190,85,2525,210,104.3,,1
2023-05-10,250,190,85,2525,210,104.3,,1
2023-05-11,250,190,85,2525,210,104.3,,1
2023-05-12,250,190,85,2525,210,104.3,,1
2023-05-13,225,190,85,2425,210,103.6,,1
2023-05-14,225,190,85,2425,210,103.6,,1
2023-05-15,225,190,85,2425,210,103.6,,1
2023-05-16,225,190,85,2425,210,103.6,,1
2023-05-17,225,190,85,2425,210,103.6,,1
2023-05-18,225,190,85,2425,210,103.6,,1
2023-05-19,225,190,85,2425,210,103.6,,1
2023-05-20,220,200,85,2445,210,101.9,,1
2023-05-21,220,200,85,2445,210,101.9,,1
2023-05-22,220,200,85,2445,210,101.9,,1
2023-05-23,220,200,85,2445,210,101.9,,1
2023-05-24,220,200,85,2445,210,101.9,,1
2023-05-25,220,200,85,2445,210,101.9,,1
2023-05-26,220,200,85,2445,210,101.9,,1
2023-05-27,200,200,85,2365,210,99.6,,1
2023-05-28,200,200,85,2365,210,99.6,,1
2023-05-29,200,200,85,2365,210,99.6,,1
2023-05-30,200,200,85,2365,210,99.6,,1
2023-05-31,200,200,85,2365,210,99.6,,1
2023-06-01,200,200,85,2365,210,99.6,,1
2023-06-02,200,200,85,2365,210,99.6,,1
2023-06-03,180,200,85,2285,210,98.8,,1
2023-06-04,180,200,85,2285,210,98.8,,1
2023-06-05,180,200,85,2285,210,98.8,,1
2023-06-06,180,200,85,2285,210,98.8,,1
2023-06-07,180,200,85,2285,210,98.8,,1
2023-06-08,180,200,85,2285,210,98.8,,1
2023-06-09,180,200,85,2285,210,98.8,,1
2023-06-10,160,200,85,2205,210,97.5,,1
2023-06-11,160,200,85,2205,210,97.5,,1
2023-06-12,160,200,85,2205,210,97.5,,1
2023-06-13,160,200,85,2205,210,97.5,,1
2023-06-14,160,200,85,2205,210,97.5,,1
2023-06-15,160,200,85,2205,210,97.5,,1
2023-06-16,160,200,85,2205,210,97.5,,1
2023-06-17,140,200,85,2125,210,97.5,,1
2023-06-18,140,200,85,2125,210,97.5,,1
2023-06-19,140,200,85,2125,210,97.5,,1
2023-06-20,140,200,85,2125,210,97.5,,1
2023-06-21,140,200,85,2125,210,97.5,,1
2023-06-22,140,200,85,2125,210,97.5,,1
2023-06-23,140,200,85,2125,210,97.5,,1
2023-06-24,140,200,85,2125,210,96.4,,1
2023-06-25,140,200,85,2125,210,96.4,,1
2023-06-26,140,200,85,2125,210,96.4,,1
2023-06-27,140,200,85,2125,210,96.4,,1
2023-06-28,140,200,85,2125,210,96.4,,1
2023-06-29,140,200,85,2125,210,96.4,,1
2023-06-30,140,200,85,2125,210,96.4,,1
2023-07-01,140,200,85,2125,210,95.8,,1
2023-07-02,140,200,85,2125,210,95.8,,1
2023-07-03,140,200,85,2125,210,95.8,,1
2023-07-04,140,200,85,2125,210,95.8,,1
2023-07-05,140,200,85,2125,210,95.8,,1
2023-07-06,140,200,85,2125,210,95.8,,1
2023-07-07,140,200,85,2125,210,95.8,,1
2023-07-08,140,200,85,2125,210,95.1,,1
2023-07-09,140,200,85,2125,210,95.1,,1
2023-07-10,140,200,85,2125,210,95.1,,1
2023-07-11,140,200,85,2125,210,95.1,,1
2023-07-12,140,200,85,2125,210,95.1,,1
2023-07-13,140,200,85,2125,210,95.1,,1
2023-07-14,140,200,85,2125,210,95.1,,1
2023-07-15,140,200,85,2125,210,93.4,,1
2023-07-16,140,200,85,2125,210,93.4,,1
2023-07-17,140,200,85,2125,210,93.4,,1
2023-07-18,140,200,85,2125,210,93.4,,1
2023-07-19,140,200,85,2125,210,93.4,,1
2023-07-20,140,200,85,2125,210,93.4,,1
2023-07-21,140,200,85,2125,210,93.4,,1
2023-07-22,140,200,85,2125,210,94.0,,1
2023-07-23,140,200,85,2125,210,94.0,,1
2023-07-24,140,200,85,2125,210,94.0,,1
2023-07-25,140,200,85,2125,210,94.0,,1
2023-07-26,140,200,85,2125,210,94.0,,1
2023-07-27,140,200,85,2125,210,94.0,,1
2023-07-28,140,200,85,2125,210,94.0,,1
2023-07-29,140,200,85,2125,210,93.8,,1
2023-07-30,140,200,85,2125,210,93.8,,1
2023-07-31,140,200,85,2125,210,93.8,,1
2023-08-01,140,200,85,2125,210,93.8,,1
2023-08-02,140,200,85,2125,210,93.8,,1
2023-08-03,140,200,85,2125,210,93.8,,1
2023-08-04,140,200,85,2125,210,93.8,,1
2023-08-05,120,200,85,2045,210,91.9,,1
2023-08-06,120,200,85,2045,210,91.9,,1
2023-08-07,120,200,85,2045,210,91.9,,1
2023-08-08,120,200,85,2045,210,91.9,,1
2023-08-09,120,200,85,2045,210,91.9,,1
2023-08-10,120,200,85,2045,210,91.9,,1
2023-08-11,120,200,85,2045,210,91.9,,1
2023-08-12,120,200,85,2045,210,92.6,,1
2023-08-13,120,200,85,2045,210,92.6,,1
2023-08-14,120,200,85,2045,210,92.6,,1
2023-08-15,120,200,85,2045,210,92.6,,1
2023-08-16,120,200,85,2045,210,92.6,,1
2023-08-17,120,200,85,2045,210,92.6,,1
2023-08-18,120,200,85,2045,210,92.6,,1
2023-08-19,120,200,85,2045,210,91.0,,1
2023-08-20,120,200,85,2045,210,91.0,,1
2023-08-21,120,200,85,2045,210,91.0,,1
2023-08-22,120,200,85,2045,210,91.0,,1
2023-08-23,120,200,85,2045,210,91.0,,1
2023-08-24,120,200,85,2045,210,91.0,,1
2023-08-25,120,200,85,2045,210,91.0,,1
2023-08-26,120,200,85,2045,210,91.3,Curso US SP + lesão lombar,1
2023-08-27,120,200,85,2045,210,91.3,Curso US SP + lesão lombar,1
2023-08-28,120,200,85,2045,210,91.3,Curso US SP + lesão lombar,1
2023-08-29,120,200,85,2045,210,91.3,Curso US SP + lesão lombar,1
2023-08-30,120,200,85,2045,210,91.3,Curso US SP + lesão lombar,1
2023-08-31,120,200,85,2045,210,91.3,Curso US SP + lesão lombar,1
2023-09-01,120,200,85,2045,210,91.3,Curso US SP + lesão lombar,1
2023-09-02,120,200,85,2045,210,90.4,Curso US Cetre,1
2023-09-03,120,200,85,2045,210,90.4,Curso US Cetre,1
2023-09-04,120,200,85,2045,210,90.4,Curso US Cetre,1
2023-09-05,120,200,85,2045,210,90.4,Curso US Cetre,1
2023-09-06,120,200,85,2045,210,90.4,Curso US Cetre,1
2023-09-07,120,200,85,2045,210,90.4,Curso US Cetre,1
2023-09-08,120,200,85,2045,210,90.4,Curso US Cetre,1
2023-09-09,120,200,85,2045,210,89.5,,1
2023-09-10,120,200,85,2045,210,89.5,,1
2023-09-11,120,200,85,2045,210,89.5,,1
2023-09-12,120,200,85,2045,210,89.5,,1
2023-09-13,120,200,85,2045,210,89.5,,1
2023-09-14,120,200,85,2045,210,89.5,,1
2023-09-15,120,200,85,2045,210,89.5,,1
2023-09-16,120,200,85,2045,210,88.0,,1
2023-09-17,120,200,85,2045,210,88.0,,1
2023-09-18,120,200,85,2045,0,88.0,,2
2023-09-19,120,200,85,2045,0,88.0,,2
2023-09-20,120,200,85,2045,0,88.0,,2
2023-09-21,120,200,85,2045,0,88.0,,2
2023-09-22,120,200,85,2045,0,88.0,,2
2023-09-23,180,200,85,2285,0,89.7,Voltei aqui a aacad,2
2023-09-24,180,200,85,2285,0,89.7,Voltei aqui a aacad,2
2023-09-25,180,200,85,2285,0,89.7,Voltei aqui a aacad,2
2023-09-26,180,200,85,2285,0,89.7,Voltei aqui a aacad,2
2023-09-27,180,200,85,2285,0,89.7,Voltei aqui a aacad,2
2023-09-28,180,200,85,2285,0,89.7,Voltei aqui a aacad,2
2023-09-29,180,200,85,2285,0,89.7,Voltei aqui a aacad,2
2023-09-30,200,190,85,2325,0,89.3,,2
2023-10-01,200,190,85,2325,0,89.3,,2
2023-10-02,200,190,85,2325,0,89.3,,2
2023-10-03,200,190,85,2325,0,89.3,,2
2023-10-04,200,190,85,2325,0,89.3,,2
2023-10-05,200,190,85,2325,0,89.3,,2
2023-10-06,200,190,85,2325,0,89.3,,2
2023-10-07,220,190,85,2405,0,89.6,,2
2023-10-08,220,190,85,2405,0,89.6,,2
2023-10-09,220,190,85,2405,0,89.6,,2
2023-10-10,220,190,85,2405,0,89.6,,2
2023-10-11,220,190,85,2405,0,89.6,,2
2023-10-12,220,190,85,2405,0,89.6,,2
2023-10-13,220,190,85,2405,0,89.6,,2
2023-10-14,240,180,85,2445,0,90.4,,2
2023-10-15,240,180,85,2445,0,90.4,,2
2023-10-16,240,180,85,2445,0,90.4,,2
2023-10-17,240,180,85,2445,0,90.4,,2
2023-10-18,240,180,85,2445,0,90.4,,2
2023-10-19,240,180,85,2445,0,90.4,,2
2023-10-20,240,180,85,2445,0,90.4,,2
2023-10-21,260,180,85,2525,0,89.0,,2
2023-10-22,260,180,85,2525,0,89.0,,2
2023-10-23,260,180,85,2525,0,89.0,,2
2023-10-24,260,180,85,2525,0,89.0,,2
2023-10-25,260,180,85,2525,0,89.0,,2
2023-10-26,260,180,85,2525,0,89.0,,2
2023-10-27,260,180,85,2525,0,89.0,,2
2023-10-28,260,180,85,2525,0,89.0,,2
2023-10-29,260,180,85,2525,0,89.0,,2
2023-10-30,280,179,85,2601,210,90.9,,3
2023-10-31,280,179,85,2601,210,90.9,,3
2023-11-01,280,179,85,2601,210,90.9,,3
2023-11-02,280,179,85,2601,210,90.9,,3
2023-11-03,280,179,85,2601,210,90.9,,3
2023-11-04,280,220,85,2765,210,91.0,,3
2023-11-05,280,220,85,2765,210,91.0,,3
2023-11-06,280,220,85,2765,210,91.0,,3
2023-11-07,280,220,85,2765,210,91.0,,3
2023-11-08,280,220,85,2765,210,91.0,,3
2023-11-09,280,220,85,2765,210,91.0,,3
2023-11-10,280,220,85,2765,210,91.0,,3
2023-11-11,220,200,85,2445,210,90.2,,3
2023-11-12,220,200,85,2445,210,90.2,,3
2023-11-13,220,200,85,2445,210,90.2,,3
2023-11-14,220,200,85,2445,210,90.2,,3
2023-11-15,220,200,85,2445,210,90.2,,3
2023-11-16,220,200,85,2445,210,90.2,,3
2023-11-17,220,200,85,2445,210,90.2,,3
2023-11-18,220,200,85,2445,210,89.7,,3
2023-11-19,220,200,85,2445,210,89.7,,3
2023-11-20,220,200,85,2445,210,89.7,,3
2023-11-21,220,200,85,2445,210,89.7,,3
2023-11-22,220,200,85,2445,210,89.7,,3
2023-11-23,220,200,85,2445,210,89.7,,3
2023-11-24,220,200,85,2445,210,89.7,,3
2023-11-25,205,200,85,2385,210,89.3,,3
2023-11-26,205,200,85,2385,210,89.3,,3
2023-11-27,205,200,85,2385,210,89.3,,3
2023-11-28,205,200,85,2385,210,89.3,,3
2023-11-29,205,200,85,2385,210,89.3,,3
2023-11-30,205,200,85,2385,210,89.3,,3
2023-12-01,205,200,85,2385,210,89.3,,3
2023-12-02,205,200,85,2385,210,88.5,,3
2023-12-03,205,200,85,2385,210,88.5,,3
2023-12-04,205,200,85,2385,210,88.5,,3
2023-12-05,205,200,85,2385,210,88.5,,3
2023-12-06,205,200,85,2385,210,88.5,,3
2023-12-07,205,200,85,2385,210,88.5,,3
2023-12-08,205,200,85,2385,210,88.5,,3
2023-12-09,205,200,85,2385,210,88.0,,3
2023-12-10,205,200,85,2385,210,88.0,,3
2023-12-11,205,200,85,2385,210,88.0,,3
2023-12-12,205,200,85,2385,210,88.0,,3
2023-12-13,205,200,85,2385,210,88.0,,3
2023-12-14,205,200,85,2385,210,88.0,,3
2023-12-15,205,200,85,2385,210,88.0,,3
2023-12-16,205,200,85,2385,210,87.2,,3
2023-12-17,205,200,85,2385,210,87.2,,3
2023-12-18,205,200,85,2385,210,87.2,,3
2023-12-19,205,200,85,2385,210,87.2,,3
2023-12-20,205,200,85,2385,210,87.2,,3
2023-12-21,205,200,85,2385,210,87.2,,3
2023-12-22,205,200,85,2385,210,87.2,,3
2023-12-23,205,200,85,2385,210,87.4,,3
2023-12-24,205,200,85,2385,210,87.4,,3
2023-12-25,205,200,85,2385,210,87.4,,3
2023-12-26,205,200,85,2385,210,87.4,,3
2023-12-27,205,200,85,2385,210,87.4,,3
2023-12-28,205,200,85,2385,210,87.4,,3
2023-12-29,205,200,85,2385,210,87.4,,3
2023-12-30,205,200,85,2385,210,86.6,,3
2023-12-31,205,200,85,2385,210,86.6,,3
2024-01-01,205,200,85,2385,210,86.6,,3
2024-01-02,205,200,85,2385,210,86.6,,3
2024-01-03,205,200,85,2385,210,86.6,,3
2024-01-04,205,200,85,2385,210,86.6,,3
2024-01-05,205,200,85,2385,210,86.6,,3
2024-01-06,180,190,85,2245,210,87.0,,3
2024-01-07,180,190,85,2245,210,87.0,,3
2024-01-08,180,190,85,2245,210,87.0,,3
2024-01-09,180,190,85,2245,210,87.0,,3
2024-01-10,180,190,85,2245,210,87.0,,3
2024-01-11,180,190,85,2245,210,87.0,,3
2024-01-12,180,190,85,2245,210,87.0,,3
2024-01-13,180,190,85,2245,210,89.8,,3
2024-01-14,180,190,85,2245,210,89.8,,3
2024-01-15,180,190,85,2245,210,89.8,,3
2024-01-16,180,190,85,2245,210,89.8,,3
2024-01-17,180,190,85,2245,210,89.8,,3
2024-01-18,180,190,85,2245,210,89.8,,3
2024-01-19,180,190,85,2245,210,89.8,,3
2024-01-20,180,190,85,2245,210,92.0,,3
2024-01-21,180,190,85,2245,210,92.0,,3
2024-01-22,180,190,85,2245,210,92.0,,3
2024-01-23,180,190,85,2245,210,92.0,,3
2024-01-24,180,190,85,2245,210,92.0,,3
2024-01-25,180,190,85,2245,210,92.0,,3
2024-01-26,180,190,85,2245,210,92.0,,3
2024-01-27,180,190,85,2245,210,88.6,,3
2024-01-28,180,190,85,2245,210,88.6,,3
2024-01-29,180,190,85,2245,210,88.6,,3
2024-01-30,180,190,85,2245,210,88.6,,3
2024-01-31,180,190,85,2245,210,88.6,,3
2024-02-01,180,190,85,2245,210,88.6,,3
2024-02-02,180,190,85,2245,210,88.6,,3
2024-02-03,180,190,85,2245,210,85.8,,3
2024-02-04,180,190,85,2245,210,85.8,,3
2024-02-05,180,190,85,2245,210,85.8,,3
2024-02-06,180,190,85,2245,210,85.8,,3
2024-02-07,180,190,85,2245,210,85.8,,3
2024-02-08,180,190,85,2245,210,85.8,,3
2024-02-09,180,190,85,2245,210,85.8,,3
2024-02-10,150,223,85,2257,210,85.0,,3
2024-02-11,150,223,85,2257,210,85.0,,3
2024-02-12,150,223,85,2257,210,85.0,,3
2024-02-13,150,223,85,2257,210,85.0,,3
2024-02-14,150,223,85,2257,210,85.0,,3
2024-02-15,150,223,85,2257,210,85.0,,3
2024-02-16,150,223,85,2257,210,85.0,,3
2024-02-17,150,223,85,2257,210,85.9,,3
2024-02-18,150,223,85,2257,210,85.9,,3
2024-02-19,150,223,85,2257,210,85.9,,3
2024-02-20,150,223,85,2257,210,85.9,,3
2024-02-21,150,223,85,2257,210,85.9,,3
2024-02-22,150,223,85,2257,210,85.9,,3
2024-02-23,150,180,85,2085,210,83.9,,3
2024-02-24,150,180,85,2085,210,83.9,,4
2024-02-25,150,180,85,2085,210,83.9,,4
2024-02-26,200,180,85,2285,210,84.6,,4
2024-02-27,200,180,85,2285,210,84.6,,4
2024-02-28,200,180,85,2285,210,84.6,,4
2024-02-29,200,180,85,2285,210,84.6,,4
2024-03-01,200,180,85,2285,210,84.6,,4
2024-03-02,250,180,85,2485,140,84.4, Cardio - 20 minutos todos os dias (quinta e domingo - corda e corrida respectivamente).,4
2024-03-03,250,180,85,2485,140,84.4, Cardio - 20 minutos todos os dias (quinta e domingo - corda e corrida respectivamente).,4
2024-03-04,250,180,85,2485,140,84.4, Cardio - 20 minutos todos os dias (quinta e domingo - corda e corrida respectivamente).,4
2024-03-05,250,180,85,2485,140,84.4, Cardio - 20 minutos todos os dias (quinta e domingo - corda e corrida respectivamente).,4
2024-03-06,300,180,85,2685,140,84.0,Cardio - 20 minutos todos os dias (quinta e domingo - corda e corrida respectivamente).,4
2024-03-07,300,180,85,2685,140,84.0,Cardio - 20 minutos todos os dias (quinta e domingo - corda e corrida respectivamente).,4
2024-03-08,300,180,85,2685,140,84.0,Cardio - 20 minutos todos os dias (quinta e domingo - corda e corrida respectivamente).,4
2024-03-09,350,180,85,2885,115,84.1,Cardio - 15 min pós treino e 20 min quinta e domingo (corda e corrida respct.),4
2024-03-10,350,180,85,2885,115,84.1,Cardio - 15 min pós treino e 20 min quinta e domingo (corda e corrida respct.),4
2024-03-11,350,180,85,2885,115,84.1,Cardio - 15 min pós treino e 20 min quinta e domingo (corda e corrida respct.),4
2024-03-12,350,180,85,2885,115,84.1,Cardio - 15 min pós treino e 20 min quinta e domingo (corda e corrida respct.),4
2024-03-13,375,180,85,2985,115,84.8,Cardio - 15 min pós treino e 20 min quinta e domingo (corda e corrida respct.),4
2024-03-14,375,180,85,2985,115,84.8,Cardio - 15 min pós treino e 20 min quinta e domingo (corda e corrida respct.),4
2024-03-15,375,180,85,2985,115,84.8,Cardio - 15 min pós treino e 20 min quinta e domingo (corda e corrida respct.),4
2024-03-16,400,180,85,3085,105,84.4,Cardio - 15 minutos todos os dias...,4
2024-03-17,400,180,85,3085,105,84.4,Cardio - 15 minutos todos os dias...,4
2024-03-18,400,180,85,3085,105,84.4,Cardio - 15 minutos todos os dias...,4
2024-03-19,400,180,85,3085,105,84.4,Cardio - 15 minutos todos os dias...,4
2024-03-20,400,180,85,3085,105,85.0,,4
2024-03-21,400,180,85,3085,105,85.0,,4
2024-03-22,400,180,85,3085,105,85.0,,4
2024-03-23,410,170,85,3085,105,85.1,,5
2024-03-24,410,170,85,3085,105,85.1,,5
2024-03-25,410,170,85,3085,105,85.1,,5
2024-03-26,410,170,85,3085,105,85.1,,5
2024-03-27,410,170,85,3085,105,86.3,,5
2024-03-28,410,170,85,3085,105,86.3,,5
2024-03-29,410,170,85,3085,105,86.3,,5
2024-03-30,410,170,85,3085,105,86.1,,5
2024-03-31,410,170,85,3085,105,86.1,,5
2024-04-01,410,170,85,3085,105,86.1,,5
2024-04-02,410,170,85,3085,105,86.1,,5
2024-04-03,460,170,85,3285,105,86.0,,5
2024-04-04,460,170,85,3285,105,86.0,,5
2024-04-05,460,170,85,3285,105,86.0,,5
2024-04-06,460,170,85,3285,105,86.7,,5
2024-04-07,460,170,85,3285,105,86.7,,5
2024-04-08,460,170,85,3285,105,86.7,,5
2024-04-09,460,170,85,3285,105,86.7,,5
2024-04-10,510,170,85,3485,105,85.2,Ref livre (1 pacote de macarrão),5
2024-04-11,510,170,85,3485,105,85.2,Ref livre (1 pacote de macarrão),5
2024-04-12,510,170,85,3485,105,85.2,Ref livre (1 pacote de macarrão),5
2024-04-13,510,170,85,3485,105,86.9,Ref livre (lanche + batata),5
2024-04-14,510,170,85,3485,105,86.9,Ref livre (lanche + batata),5
2024-04-15,510,170,85,3485,105,86.9,Ref livre (lanche + batata),5
2024-04-16,510,170,85,3485,105,86.9,Ref livre (lanche + batata),5
2024-04-17,510,170,85,3485,105,86.4,,5
2024-04-18,510,170,85,3485,105,86.4,,5
2024-04-19,510,170,85,3485,105,86.4,,5
2024-04-20,510,190,87,3583,105,87.5,Ref livre (lanche),5
2024-04-21,510,190,87,3583,105,87.5,Ref livre (lanche),5
2024-04-22,510,190,87,3583,105,87.5,Ref livre (lanche),5
2024-04-23,510,190,87,3583,105,87.5,Ref livre (lanche),5
2024-04-24,510,190,87,3583,105,86.2,Dengue ,5
2024-04-25,510,190,87,3583,105,86.2,Dengue ,5
2024-04-26,510,190,87,3583,105,86.2,Dengue ,5
2024-04-27,510,190,87,3583,105,85.5,Dengue + Joguei lanche 3x na semana pra repor o peso,5
2024-04-28,510,190,87,3583,105,85.5,Dengue + Joguei lanche 3x na semana pra repor o peso,5
2024-04-29,510,190,87,3583,105,85.5,Dengue + Joguei lanche 3x na semana pra repor o peso,5
2024-04-30,510,190,87,3583,105,85.5,Dengue + Joguei lanche 3x na semana pra repor o peso,5
2024-05-01,510,190,87,3583,105,86.4,,5
2024-05-02,510,190,87,3583,105,86.4,,5
2024-05-03,510,190,87,3583,105,86.4,,5
2024-05-04,510,190,87,3583,105,87.2,,5
2024-05-05,510,190,87,3583,105,88.4,,5
2024-05-06,510,190,87,3583,105,87.2,,5
2024-05-07,510,190,87,3583,105,87.2,,5
2024-05-08,510,190,87,3583,105,87.0,,5
2024-05-09,510,190,87,3583,105,88.4,,5
2024-05-10,510,190,87,3583,105,87.0,,5
2024-05-11,510,190,87,3583,105,88.4,2 ref livre seguida,5
2024-05-12,510,190,87,3583,105,88.4,,5
2024-05-13,510,190,87,3583,105,88.4,,5
2024-05-14,510,190,87,3583,105,88.4,,5
2024-05-15,510,190,87,3583,105,88.4,,5
2024-05-16,510,190,87,3583,105,88.4,,5
2024-05-17,510,190,87,3583,105,88.4,,5
2024-05-18,510,190,87,3583,105,88.4,,5
2024-05-19,510,190,87,3583,105,88.9,2 ref livre,5
2024-05-20,510,190,87,3583,105,88.4,,6
2024-05-21,510,190,87,3583,105,88.4,,6
2024-05-22,510,190,87,3583,105,88.4,,6
2024-05-23,510,190,87,3583,105,88.4,,6
2024-05-24,510,190,87,3583,105,88.4,,6
2024-05-25,510,190,87,3583,105,88.4,,6
2024-05-26,410,190,87,3183,105,88.7,,6
2024-05-27,410,190,87,3183,105,88.4,,6
2024-05-28,410,190,87,3183,105,88.7,,6
2024-05-29,410,190,87,3183,105,90.0,,6
2024-05-30,350,190,87,2943,105,88.4,,6
2024-05-31,350,190,87,2943,105,88.3,,6
2024-06-01,350,190,87,2943,105,88.4,,6
2024-06-02,350,190,87,2943,105,88.4,,6
2024-06-03,350,190,87,2943,105,88.4,,6
2024-06-04,350,190,87,2943,105,88.4,,6
2024-06-05,350,190,87,2943,105,88.4,,6
2024-06-06,350,190,87,2943,105,88.4,,6
2024-06-07,350,190,87,2943,105,88.4,,6
2024-06-08,350,190,87,2943,105,89.3,,6
2024-06-09,350,190,87,2943,105,89.3,,6
2024-06-10,350,190,87,2943,105,89.3,,6
2024-06-11,350,190,87,2943,105,89.3,,6
2024-06-12,300,190,87,2743,105,89.0,,6
2024-06-13,300,190,87,2743,105,89.0,,6
2024-06-14,300,190,87,2743,105,89.0,,6
2024-06-15,275,190,87,2643,105,88.0,,6
2024-06-16,275,190,87,2643,105,88.0,,6
2024-06-17,275,190,87,2643,105,88.0,,6
2024-06-18,275,190,87,2643,105,88.0,,6
2024-06-19,275,190,87,2643,115,88.8,Quinta e domingo fazer 20 de cardio,6
2024-06-20,275,190,87,2643,115,88.8,Quinta e domingo fazer 20 de cardio,6
2024-06-21,275,190,87,2643,115,88.8,Quinta e domingo fazer 20 de cardio,6
2024-06-22,275,190,87,2643,115,88.9,,6
2024-06-23,275,190,87,2643,115,88.9,,6
2024-06-24,275,190,87,2643,115,88.9,,6
2024-06-25,275,190,87,2643,115,88.9,,6
2024-06-26,275,190,87,2643,140,88.7,20 cardio todo dia,6
2024-06-27,275,190,87,2643,140,88.7,20 cardio todo dia,6
2024-06-28,275,190,87,2643,140,88.7,20 cardio todo dia,6
2024-06-29,275,190,87,2643,140,87.9,,6
2024-06-30,275,190,87,2643,140,87.9,,6
2024-07-01,275,190,87,2643,140,87.9,,6
2024-07-02,275,190,87,2643,140,87.9,,6
2024-07-03,275,190,87,2643,140,88.4,,6
2024-07-04,275,190,87,2643,140,88.4,,6
2024-07-05,275,190,87,2643,140,88.4,,6
2024-07-06,275,190,87,2643,140,87.9,,6
2024-07-07,275,190,87,2643,140,87.9,,6
2024-07-08,275,190,87,2643,140,87.9,,6
2024-07-09,275,190,87,2643,140,87.9,,6
2024-07-10,275,190,87,2643,140,88.1,,6
2024-07-11,275,190,87,2643,140,88.1,,6
2024-07-12,275,190,87,2643,140,88.1,,6
2024-07-13,275,190,87,2643,140,88.4,,6
2024-07-14,275,190,87,2643,140,88.4,,6
2024-07-15,275,190,87,2643,140,88.4,,6
2024-07-16,275,190,87,2643,140,88.4,,6
2024-07-17,225,190,87,2443,140,88.0,,6
2024-07-18,225,190,87,2443,140,88.0,,6
2024-07-19,225,190,87,2443,140,88.0,,6
2024-07-20,225,190,87,2443,140,87.0,,6
2024-07-21,225,190,87,2443,140,87.0,,6
2024-07-22,225,190,87,2443,140,87.0,,6
2024-07-23,225,190,87,2443,140,87.0,,6
2024-07-24,225,190,87,2443,140,87.0,,6
2024-07-25,225,190,87,2443,140,87.0,,6
2024-07-26,225,190,87,2443,140,87.0,,6
2024-07-27,225,190,87,2443,140,88.4,,6
2024-07-28,225,190,87,2443,140,88.4,,6
2024-07-29,225,190,87,2443,140,88.4,,6
2024-07-30,225,190,87,2443,140,88.4,,6
2024-07-31,225,190,87,2443,140,86.9,,6
2024-08-01,225,190,87,2443,140,86.9,,6
2024-08-02,225,190,87,2443,140,86.9,,6
2024-08-03,225,190,87,2443,140,87.2,,6
2024-08-04,225,190,87,2443,140,87.2,,6
2024-08-05,225,190,87,2443,140,87.2,,6
2024-08-06,225,190,87,2443,140,87.2,,6
2024-08-07,225,190,87,2443,140,86.6,,6
2024-08-08,225,190,87,2443,140,86.6,,6
2024-08-09,225,190,87,2443,140,86.6,,6
2024-08-10,225,190,87,2443,140,85.8,,6
2024-08-11,225,190,87,2443,140,85.8,,6
2024-08-12,225,190,87,2443,140,85.8,,6
2024-08-13,225,190,87,2443,140,85.8,,6
2024-08-14,225,190,87,2443,140,86.0,,6
2024-08-15,225,190,87,2443,140,86.0,,6
2024-08-16,225,190,87,2443,140,86.0,,6
2024-08-17,225,190,87,2443,140,85.9,,6
2024-08-18,225,190,87,2443,140,85.9,,6
2024-08-19,225,190,87,2443,140,85.9,,6
2024-08-20,225,190,87,2443,140,85.9,,6
2024-08-21,200,190,85,2325,150,86.1,Quinta e Domingo 25 min de cardio,6
2024-08-22,200,190,85,2325,150,86.1,Quinta e Domingo 25 min de cardio,6
2024-08-23,200,190,85,2325,150,86.1,Quinta e Domingo 25 min de cardio,6
2024-08-24,200,190,85,2325,150,85.4,,6
2024-08-25,200,190,85,2325,150,85.4,,6
2024-08-26,200,190,85,2325,150,85.4,,6
2024-08-27,200,190,85,2325,150,85.4,,6
2024-08-28,200,190,85,2325,150,85.1,,6
2024-08-29,200,190,85,2325,150,85.1,,6
2024-08-30,200,190,85,2325,150,85.1,,6
2024-08-31,200,190,85,2325,150,84.4,,6
2024-09-01,200,190,85,2325,150,84.4,,6
2024-09-02,200,190,85,2325,150,84.4,,6
2024-09-03,200,190,85,2325,150,84.4,,6
2024-09-04,200,190,85,2325,150,84.2,,6
2024-09-05,200,190,85,2325,150,84.2,,6
2024-09-06,200,190,85,2325,150,84.2,,6
2024-09-07,200,190,85,2325,150,83.0,,6
2024-09-08,200,190,85,2325,150,83.0,,6
2024-09-09,200,190,85,2325,150,83.0,,6
2024-09-10,200,190,85,2325,150,83.0,,6
2024-09-11,200,190,85,2325,150,82.9,,6
2024-09-12,200,190,85,2325,150,82.9,,6
2024-09-13,200,190,85,2325,150,82.9,,6
2024-09-14,200,190,85,2325,150,83.1,,6
2024-09-15,200,190,85,2325,150,83.1,,6
2024-09-16,200,190,85,2325,150,83.1,,6
2024-09-17,200,190,85,2325,150,83.1,,6
2024-09-18,175,190,85,2225,150,82.5,,6
2024-09-19,175,190,85,2225,150,82.5,,6
2024-09-20,175,190,85,2225,150,82.5,,6
2024-09-21,175,190,85,2225,150,82.3,,6
2024-09-22,175,190,85,2225,150,82.3,,6
2024-09-23,175,190,85,2225,150,82.3,,6
2024-09-24,175,190,85,2225,150,82.3,,6
2024-09-25,175,190,85,2225,150,82.5,,6
2024-09-26,175,190,85,2225,150,82.5,,6
2024-09-27,175,190,85,2225,150,82.5,,6
2024-09-28,175,190,85,2225,150,82.5,,6
2024-09-29,225,190,85,2425,150,82.5,Subi 200 cal,7
2024-09-30,225,190,85,2425,150,82.5,,7
2024-10-01,225,190,85,2425,150,82.5,,7
2024-10-02,275,190,85,2625,150,82.2,Subi as calorias domingo dia 30 e peso caiu - subi mais 200 cal,7
2024-10-03,275,190,85,2625,150,82.2,,7
2024-10-04,275,190,85,2625,150,82.2,,7
2024-10-05,325,190,85,2825,150,82.1,peso caiu - subi mais 200 cal,7
2024-10-06,325,190,85,2825,150,82.1,,7
2024-10-07,325,190,85,2825,150,82.1,,7
2024-10-08,325,190,85,2825,150,82.1,,7
2024-10-09,325,190,85,2825,140,83.1,,7
2024-10-10,325,190,85,2825,140,83.2,,7
2024-10-11,325,190,85,2825,140,83.1,,7
2024-10-12,395,170,85,3025,140,82.5,Reduzir proteina para 2g/kg e joguei as calorias nos carboidratos,7
2024-10-13,395,170,85,3025,115,82.5,Cardio reduzido para 15 minutos de escada dias de treino e 20 minutos dia de descanso (quinta e domingo),7
2024-10-14,395,170,85,3025,115,82.5,,7
2024-10-15,395,170,85,3025,115,82.5,,7
2024-10-16,395,170,85,3025,115,82.8,,7
2024-10-17,395,170,85,3025,115,82.8,,7
2024-10-18,395,170,85,3025,115,82.8,,7
2024-10-19,395,170,85,3025,115,83.8,,7
2024-10-20,395,170,85,3025,115,83.8,,7
2024-10-21,395,170,85,3025,115,83.8,,7
2024-10-22,395,170,85,3025,80,83.8,Cardio reduzido para 10 minutos de escada dias de treino e 15 minutos de corrida dias de descanso (quinta e domingo),7
2024-10-23,395,170,85,3025,80,83.6,,7
2024-10-24,395,170,85,3025,80,83.6,,7
2024-10-25,395,170,85,3025,80,83.6,,7
2024-10-26,395,170,85,3025,80,83.6,,7
2024-10-27,395,170,85,3025,80,83.6,Subir para 445g de carbo (+200kcal) .. Restante manter,7
2024-10-28,445,170,85,3225,80,83.6,,7
2024-10-29,445,170,85,3225,80,83.6,,7
2024-10-30,445,170,85,3225,80,84.0,,7
2024-10-31,445,170,85,3225,80,84.0,,7
2024-11-01,445,170,85,3225,80,84.0,,7
2024-11-02,445,170,85,3225,80,85.0,,7
2024-11-03,445,170,85,3225,80,85.0,,7
2024-11-04,445,170,85,3225,80,85.0,,7
2024-11-05,445,170,85,3225,80,85.0,,7
2024-11-06,445,170,85,3225,80,84.5,,7
2024-11-07,445,170,85,3225,80,84.5,,7
2024-11-08,445,170,85,3225,80,84.5,,7
2024-11-09,445,170,85,3225,80,84.5,Refeição Livre: Macarrão + pizzas,7
2024-11-10,445,170,85,3225,80,84.5,,7
2024-11-11,445,170,85,3225,80,84.5,,7
2024-11-12,445,170,85,3225,80,84.5,,7
2024-11-13,445,170,85,3225,80,84.8,,7
2024-11-14,445,170,85,3225,80,84.8,,7
2024-11-15,445,170,85,3225,80,84.8,,7
2024-11-16,445,170,85,3225,80,85.4,,7
2024-11-17,445,170,85,3225,80,85.4,,7
2024-11-18,470,170,85,3325,80,85.4,,7
2024-11-19,470,170,85,3325,80,85.4,,7
2024-11-20,470,170,85,3325,80,85.4,,7
2024-11-21,470,170,85,3325,80,85.4,,7
2024-11-22,470,170,85,3325,80,85.4,,7
2024-11-23,470,170,85,3325,80,85.6,Festa open bar + lanche BK,7
2024-11-24,470,170,85,3325,80,85.6,,7
2024-11-25,470,170,85,3325,80,85.6,,7
2024-11-26,470,170,85,3325,80,85.6,,7
2024-11-27,470,170,85,3325,80,85.6,,7
2024-11-28,470,170,85,3325,80,85.6,,7
2024-11-29,470,170,85,3325,80,85.6,,7
2024-11-30,470,170,85,3325,80,85.9,,7
2024-12-01,470,170,85,3325,80,85.9,,7
2024-12-02,470,170,85,3325,80,85.9,,7
2024-12-03,470,170,85,3325,80,85.9,,7
2024-12-04,470,170,85,3325,80,86.8,,7
2024-12-05,470,170,85,3325,80,86.8,,7
2024-12-06,470,170,85,3325,80,86.8,,7
2024-12-07,470,170,85,3325,80,86.6,,7
2024-12-08,470,170,85,3325,80,86.6,,7
2024-12-09,470,170,85,3325,80,86.6,,7
2024-12-10,470,170,85,3325,80,86.6,,7
2024-12-11,470,170,85,3325,80,86.1,,7
2024-12-12,470,170,85,3325,80,86.1,,7
2024-12-13,470,170,85,3325,80,86.1,,7
2024-12-14,470,170,85,3325,80,87.1,ref livre - pizza,7
2024-12-15,470,170,85,3325,80,87.1,,7
2024-12-16,470,170,85,3325,80,87.1,,7
2024-12-17,470,170,85,3325,80,87.1,,7
2024-12-18,470,170,85,3325,80,87.1,,7
2024-12-19,470,170,85,3325,80,87.1,,7
2024-12-20,470,170,85,3325,80,87.1,ref livre,7
2024-12-21,470,170,85,3325,80,87.1,não me pesei pela ref livre na sexta + churrasco,7
2024-12-22,470,170,85,3325,80,87.1,não contei macros,7
2024-12-23,470,170,85,3325,80,87.1,,7
2024-12-24,470,170,85,3325,80,89.4,,7
2024-12-25,470,170,85,3325,80,89.4,,7
2024-12-26,470,170,85,3325,80,89.4,,7
2024-12-27,470,170,85,3325,80,89.4,,7
2024-12-28,470,170,85,3325,80,89.8,,7
2024-12-29,470,170,85,3325,80,89.8,,7
2024-12-30,470,170,85,3325,80,89.6,"Não fiz dieta contada, foi tudo no olho",7
2024-12-31,470,170,85,3325,80,89.6,Ano novo livre dia todo,7
2025-01-01,470,170,85,3325,80,89.4,"Não fiz dieta contada, foi tudo no olho",7
2025-01-02,345,170,85,2825,80,89.4,Comi lanche mas encaixei nos macros,8
2025-01-03,345,170,85,2825,80,89.4,,8
2025-01-04,345,170,85,2825,80,89.6,,8
2025-01-05,345,170,85,2825,80,89.6,,8
2025-01-06,345,170,85,2825,80,89.6,,8
2025-01-07,345,170,85,2825,80,88.1,,8
2025-01-08,345,170,85,2825,80,88.0,,8
2025-01-09,345,170,85,2825,80,88.0,,8
2025-01-10,345,170,85,2825,80,87.7,,8
2025-01-11,345,170,85,2825,80,87.7,,8
2025-01-12,345,170,85,2825,80,87.7,,8
2025-01-13,305,170,85,2665,135,87.7,Abaixei para 305 de carbo e subi o cardio para 15 min dia de treino e 30 dias de descanso,8
2025-01-14,305,170,85,2665,135,87.5,,8
2025-01-15,305,170,85,2665,135,87.5,,8
2025-01-16,305,170,85,2665,135,86.6,,8
2025-01-17,305,170,85,2665,135,86.6,,8
2025-01-18,305,170,85,2665,135,86.6,,8
2025-01-19,305,170,85,2665,135,86.6,,8
2025-01-20,305,170,85,2665,135,86.6,,8
2025-01-21,305,170,85,2665,135,86.6,,8
2025-01-22,305,170,85,2665,135,86.6,,8
2025-01-23,305,170,85,2665,135,86.6,,8
2025-01-24,280,170,85,2565,140,86.8,Abaixei carbo e subi cardio,8
2025-01-25,280,170,85,2565,140,86.8,Ref livre - lanche artesanal 2 e bata frita,8
2025-01-26,280,170,85,2565,140,86.8,Duas pizzas pequenas,8
2025-01-27,280,170,85,2565,140,86.8,,8
2025-01-28,280,170,85,2565,140,86.8,,8
2025-01-29,280,170,85,2565,140,86.8,,8
2025-01-30,280,170,85,2565,140,85.7,,8
2025-01-31,336,170,60,2564,140,85.7,,8
2025-02-01,336,170,60,2564,140,85.7,,8
2025-02-02,336,170,60,2564,140,85.7,,8
2025-02-03,336,170,60,2564,140,85.7,,8
2025-02-04,336,170,60,2564,140,85.7,,8
2025-02-05,336,170,60,2564,140,86.1,,8
2025-02-06,315,170,60,2480,140,86.3,abaixei calorias pois peso estagnou,8
2025-02-07,315,170,60,2480,140,86.3,,8
2025-02-08,315,170,60,2480,140,85.4,ref livre - restaurante tailandes,8
2025-02-09,315,170,60,2480,140,85.4,,8
2025-02-10,315,170,60,2480,140,85.4,,8
2025-02-11,315,170,60,2480,140,85.4,,8
2025-02-12,315,170,60,2480,140,85.4,,8
2025-02-13,315,170,60,2480,140,84.5,,8
2025-02-14,315,170,60,2480,140,84.0,refeição livre - self service de comida (moderada),8
2025-02-15,315,170,60,2480,140,84.0,festa - open bar (muito alcool),8
2025-02-16,315,170,60,2480,140,84.0,,8
2025-02-17,315,170,60,2480,140,84.0,,8
2025-02-18,315,170,60,2480,140,84.0,,8
2025-02-19,315,170,60,2480,140,84.8,não fiz cardio,8
2025-02-20,315,170,60,2480,140,84.8,doente - não fiz cardio,8
2025-02-21,315,170,60,2480,140,84.8,doente - não fiz cardio nem treino,8
2025-02-22,315,170,60,2480,140,84.8,doente - não fiz cardio nem treino,8
2025-02-23,315,170,60,2480,140,84.8,doente - não fiz cardio e dieta comi errado,8
2025-02-24,295,170,60,2400,20,84.8,doente - não fiz cardio e dieta comi errado,8
2025-02-25,295,170,60,2400,20,84.8,,8
2025-02-26,295,170,60,2400,20,84.8,doente - não treinei nem fiz cardio e dieta comi errado,8
2025-02-27,295,170,60,2400,20,84.8,doente - não treinei nem fiz cardio e dieta comi errado,8
2025-02-28,295,170,60,2400,20,84.8,doente - não treinei nem fiz cardio e dieta comi errado,8
2025-03-01,295,170,60,2400,20,85.4,doente - não treinei nem fiz cardio e dieta comi errado,8
2025-03-02,295,170,60,2400,20,85.4,doente - não treinei nem fiz cardio e dieta comi errado,8
2025-03-03,295,170,60,2400,140,85.4,voltei dieta e treino normal,8
2025-03-04,295,170,60,2400,140,85.4,,8
2025-03-05,295,170,60,2400,140,85.4,,8
2025-03-06,295,170,60,2400,140,85.4,,8
2025-03-07,295,170,60,2400,140,85.4,,8
2025-03-08,295,170,60,2400,140,83.3,,8
2025-03-09,295,170,60,2400,140,83.3,,8
2025-03-10,295,170,60,2400,140,83.3,,8
2025-03-11,295,170,60,2400,140,83.3,,8
2025-03-12,295,170,60,2400,140,83.3,,8
2025-03-13,295,170,60,2400,140,83.3,,8
2025-03-14,295,170,60,2400,140,83.3,,8
2025-03-15,295,170,60,2400,140,82.3,,8
2025-03-16,295,170,60,2400,140,82.3,,8
2025-03-17,295,170,60,2400,140,82.3,,8
2025-03-18,295,170,60,2400,140,82.3,,8
2025-03-19,275,170,60,2320,140,82.3,,8
2025-03-20,275,170,60,2320,140,82.3,,8
2025-03-21,275,170,60,2320,140,82.3,,8
2025-03-22,275,170,60,2320,140,82.1,refeicao livre - 1 pizza inteira,8
2025-03-23,275,170,60,2320,140,82.1,,8
2025-03-24,275,170,60,2320,140,82.1,,8
2025-03-25,275,170,60,2320,140,82.1,,8
2025-03-26,275,170,60,2320,140,81.6,,8
2025-03-27,275,170,60,2320,140,81.6,,8
2025-03-28,275,170,60,2320,140,81.6,,8
2025-03-29,275,170,60,2320,140,81.5,refeição livre - rodizio de pizza,8
2025-03-30,275,170,60,2320,140,81.5,,8
2025-03-31,235,190,60,2240,140,81.5,,8
2025-04-01,235,190,60,2240,140,81.5,,8
2025-04-02,235,190,60,2240,140,81.4,,8
2025-04-03,235,190,60,2240,140,81.4,,8
2025-04-04,235,190,60,2240,140,81.4,,8
2025-04-05,235,190,60,2240,140,81.3,refeicao livre - poke + doces,8
2025-04-06,235,190,60,2240,140,81.3,,8
2025-04-07,215,190,60,2160,185,81.3,,8
2025-04-08,215,190,60,2160,185,81.3,Almocei poke em SP,8
2025-04-09,215,190,60,2160,185,81.3,Não pesei pq comi uma ref fora da dieta,8
2025-04-10,200,190,60,2100,185,81.9,,8
2025-04-11,200,190,60,2100,185,80.9,"Fiz jejum durante o dia, fiz uma refeição de 689 calorias e mandei pizza salgada e doce a noite",8
2025-04-12,200,190,60,2100,185,80.9,"Fiz jejum durante o dia, fiz duas refeições pré treino.. ~ 1000 calorias e mandei um poke a noite",8
2025-04-13,200,190,60,2100,185,80.9,,8
2025-04-14,200,190,60,2100,185,80.9,,8
2025-04-15,180,190,60,2020,185,80.9,,8
2025-04-16,180,190,60,2020,185,80.9,,8
2025-04-17,180,190,60,2020,185,80.9,,8
2025-04-18,240,190,60,2260,185,80.9,"Praia, sem treino",9
2025-04-19,240,190,60,2260,185,80.9,"Praia, sem treino",9
2025-04-20,240,190,60,2260,185,80.9,"Praia, sem treino",9
2025-04-21,240,190,60,2260,150,80.2,praia,9
2025-04-22,240,190,60,2260,150,80.2,,9
2025-04-23,240,190,60,2260,150,80.2,,9
2025-04-24,240,190,60,2260,150,80.2,,9
2025-04-25,280,190,60,2420,150,79.6,,9
2025-04-26,280,190,60,2420,150,79.6,refeicao livre,9
2025-04-27,280,190,60,2420,150,79.6,são roque - comi fora dia todo,9
2025-04-28,280,190,60,2420,155,79.0,,9
2025-04-29,280,190,60,2420,155,79.0,,9
2025-04-30,280,190,60,2420,155,80.3,,9
2025-05-01,280,190,60,2420,155,80.3,refeição livre: churrasco,9
2025-05-02,280,190,60,2420,155,80.3,Lanche a noite,9
2025-05-03,280,190,60,2420,155,80.3,esfiha a noite,9
2025-05-04,280,190,60,2420,155,80.3,,9
2025-05-05,315,155,60,2420,155,80.3,diminui proteina e aloquei as calorias para o carbo,9
2025-05-06,315,155,60,2420,155,80.3,,9
2025-05-07,315,155,60,2420,155,81.4,viagem SP,9
2025-05-08,315,155,60,2420,155,81.4,viagem SP,9
2025-05-09,315,155,60,2420,155,81.4,,9
2025-05-10,315,155,60,2420,155,80.0,ref livre - hamburger,9
2025-05-11,315,155,60,2420,155,80.0,almoco em familia - churrasco,9
2025-05-12,315,155,60,2420,155,80.0,,9
2025-05-13,315,155,60,2420,155,80.0,,9
2025-05-14,315,155,60,2420,155,80.0,,9
2025-05-15,315,155,60,2420,155,80.0,,9
2025-05-16,315,155,60,2420,155,80.0,,9
2025-05-17,315,155,60,2420,155,79.6,refeição livre - pizza,9
2025-05-18,315,155,60,2420,155,79.6,,9
2025-05-19,315,155,60,2420,155,79.6,,9
2025-05-20,315,155,60,2420,155,79.6,,9
2025-05-21,315,155,60,2420,155,79.6,,9
2025-05-22,345,155,60,2540,155,79.6,,9
2025-05-23,315,155,60,2420,155,79.6,,9
2025-05-24,345,155,60,2540,155,80.3,,9
2025-05-25,315,155,60,2420,155,80.3,,9
2025-05-26,345,155,60,2540,155,80.3,,9
2025-05-27,345,155,60,2540,155,80.3,,9
2025-05-28,315,155,60,2420,155,80.3,,9
2025-05-29,345,155,60,2540,155,80.3,,9
2025-05-30,315,155,60,2420,155,80.3,,9
2025-05-31,345,155,60,2540,155,81.1,refeição livre - rodizio de sushi,9
2025-06-01,315,155,60,2420,155,81.1,,9
2025-06-02,345,155,60,2540,155,81.1,Almoço em SP - self service a vonta (passei calorias com certeza),9
2025-06-03,345,155,60,2540,155,81.1,Jantei em casa - arroz e contra filé (não pesei então foi estimado),9
2025-06-04,315,155,60,2420,155,81.1,,9
2025-06-05,345,155,60,2540,155,81.1,,9
2025-06-06,315,155,60,2420,155,81.6,,9
2025-06-07,345,155,60,2540,155,81.6,ref livre churrasco,9
2025-06-08,315,155,60,2420,155,81.6,,9
2025-06-09,345,155,60,2540,155,81.6,,9
2025-06-10,345,155,60,2540,155,81.6,,9
2025-06-11,315,155,60,2420,155,81.6,,9
2025-06-12,345,155,60,2540,155,81.6,,9
2025-06-13,315,155,60,2420,155,82.6,,9
2025-06-14,345,155,60,2540,155,82.6,ref livre - pizza,9
2025-06-15,345,155,60,2540,155,82.6,,9
2025-06-16,345,155,60,2540,155,82.6,,9
2025-06-17,345,155,60,2540,155,82.6,,9
2025-06-18,315,155,60,2420,155,82.6,,9
2025-06-19,345,155,60,2540,155,82.3,,9
2025-06-20,315,155,60,2420,155,82.3,,9
2025-06-21,345,155,60,2540,155,82.3,ref livre + fundue,9
2025-06-22,315,155,60,2420,155,82.3,não contei macros e comi doce,9
2025-06-23,345,155,60,2540,155,82.3,,9
2025-06-24,345,155,60,2540,155,82.3,,9
2025-06-25,315,155,60,2420,155,82.3,,9
2025-06-26,345,155,60,2540,155,81.5,,9
2025-06-27,315,155,60,2420,155,81.5,,9
2025-06-28,345,155,60,2540,155,81.5,,9
2025-06-29,315,155,60,2420,155,81.5,,9
2025-06-30,345,155,60,2540,155,81.5,,9
2025-07-01,345,155,60,2540,155,81.5,,9
2025-07-02,315,155,60,2420,155,81.5,,9
2025-07-03,345,155,60,2540,155,82.6,,9
2025-07-04,345,155,60,2540,155,82.6,,9
2025-07-05,345,155,60,2540,155,82.6,festa open bar,9
2025-07-06,315,155,60,2420,155,82.6,,9
2025-07-07,345,155,60,2540,155,82.6,,9
2025-07-08,345,155,60,2540,155,82.6,,9
2025-07-09,315,155,60,2420,155,82.6,,9
2025-07-10,345,155,60,2540,155,82.6,,9
2025-07-11,315,155,60,2420,155,82.6,,9
2025-07-12,345,155,60,2540,155,82.6,,9
2025-07-13,315,155,60,2420,155,82.6,,9
2025-07-14,345,155,60,2540,155,82.6,,9
2025-07-15,345,155,60,2540,155,82.6,,9
2025-07-16,315,155,60,2420,155,82.6,,9
2025-07-17,345,155,60,2540,155,83.1,,9
2025-07-18,315,155,60,2420,155,83.1,,9
2025-07-19,345,155,60,2540,155,83.1,,9
2025-07-20,315,155,60,2420,155,83.1,,9
2025-07-21,345,155,60,2540,155,83.1,,9
2025-07-22,345,155,60,2540,155,83.1,,9
2025-07-23,315,155,60,2420,155,83.1,,9
2025-07-24,345,155,60,2540,155,83.6,,9
2025-07-25,315,155,60,2420,155,83.6,,9
2025-07-26,345,155,60,2540,155,83.6,ref livre + alcool,9
2025-07-27,315,155,60,2420,155,83.6,,9
2025-07-28,345,155,60,2540,155,83.6,,9
2025-07-29,345,155,60,2540,155,83.6,,9
2025-07-30,315,155,60,2420,155,83.6,,9
2025-07-31,345,155,60,2540,155,83.6,,9
2025-08-01,315,155,60,2420,155,86.9,,9
2025-08-02,345,155,60,2540,155,86.9,,9
2025-08-03,315,155,60,2420,155,86.9,,9
2025-08-04,345,155,60,2540,155,86.9,Doente - Antibiotico - sem dieta e treino,9
2025-08-05,345,155,60,2540,155,86.9,Doente - Antibiotico - sem dieta e treino,9
2025-08-06,315,155,60,2420,155,86.9,Doente - Antibiotico - sem dieta e treino,9
2025-08-07,345,155,60,2540,155,86.9,Doente - Antibiotico - sem dieta e treino,9
2025-08-08,315,155,60,2420,155,86.9,Doente - Antibiotico - sem dieta e treino,9
2025-08-09,345,155,60,2540,155,86.9,Doente - Antibiotico - sem dieta e treino,9
2025-08-10,315,155,60,2420,155,86.9,Viagem Natal - sem dieta e treino + antibiotico,9
2025-08-11,345,155,60,2540,155,86.9,Viagem Natal - sem dieta e treino,9
2025-08-12,345,155,60,2540,155,86.9,Viagem Natal - sem dieta e treino,9
2025-08-13,315,155,60,2420,155,86.9,Viagem Natal - sem dieta e treino,9
2025-08-14,345,155,60,2540,155,86.9,Viagem Natal - sem dieta e treino,9
2025-08-15,315,155,60,2420,155,86.9,Viagem Natal - sem dieta e treino,9
2025-08-16,345,155,60,2540,155,86.9,Viagem SP - sem dieta e treino,9
2025-08-17,315,155,60,2420,155,86.9,Viagem SP - sem dieta e treino,9
2025-08-18,345,155,60,2540,155,86.9,Viagem SP - sem dieta e treino,9
2025-08-19,345,155,60,2540,155,86.9,Viagem SP - sem dieta e treino,9
2025-08-20,315,155,60,2420,155,86.9,Viagem SP - sem dieta,9
2025-08-21,345,155,60,2540,155,86.6,Voltei a dieta,9
2025-08-22,315,155,60,2420,155,86.6,,9
2025-08-23,345,155,60,2540,155,86.6,Ref livre - Risoto,9
2025-08-24,315,155,60,2420,155,86.6,,9
2025-08-25,345,155,60,2540,155,86.6,,9
2025-08-26,345,155,60,2540,155,86.6,,9
2025-08-27,315,155,60,2420,155,86.6,Dieta: comi fora,9
2025-08-28,345,155,60,2540,155,86.2,,9
2025-08-29,315,155,60,2420,155,86.2,,9
2025-08-30,345,155,60,2540,155,86.2,,9
2025-08-31,315,155,60,2420,155,86.2,Dieta: rodizio de sushi,9
2025-09-01,320,155,60,2440,155,86.2,,9
2025-09-02,320,155,60,2440,155,86.2,,9
2025-09-03,300,155,60,2360,155,86.2,,9
2025-09-04,320,155,60,2440,155,86.9,,9
2025-09-05,300,155,60,2360,155,86.3,,9
2025-09-06,320,155,60,2440,155,86.3,Churrasco,9
2025-09-07,300,155,60,2360,155,86.3,Ref livre almoço,9
2025-09-08,320,155,60,2440,155,86.3,,9
2025-09-09,320,155,60,2440,155,86.3,,9
2025-09-10,300,155,60,2360,155,86.3,,9
2025-09-11,320,155,60,2440,155,86.3,,9
2025-09-12,300,155,60,2360,155,86.3,,9
2025-09-13,320,155,60,2440,155,86.3,,9
2025-09-14,300,155,60,2360,155,86.3,,9
2025-09-15,320,155,60,2440,155,86.3,,9
2025-09-16,320,155,60,2440,155,86.3,,9
2025-09-17,300,155,60,2360,155,86.3,,9
2025-09-18,320,155,60,2440,155,86.3,,9
2025-09-19,300,155,60,2360,155,87.0,,9
2025-09-20,320,155,60,2440,155,87.0,,9
2025-09-21,300,155,60,2360,155,87.0,,9
2025-09-22,320,155,60,2440,155,87.0,,9
2025-09-23,320,155,60,2440,155,87.0,,9
2025-09-24,300,155,60,2360,155,87.0,,9
2025-09-25,320,155,60,2440,155,87.0,Não treinei,9
2025-09-26,300,155,60,2360,155,87.0,Não treinei,9
2025-09-27,320,155,60,2440,155,87.0,SP,9
2025-09-28,300,155,60,2360,155,87.0,SP,9
2025-09-29,320,155,60,2440,155,87.0,,9
2025-09-30,320,155,60,2440,155,87.0,,9
2025-10-01,300,155,60,2360,155,87.0,,9
2025-10-02,320,155,60,2440,155,87.0,,9
2025-10-03,300,155,60,2360,155,87.0,,9
2025-10-04,320,155,60,2440,155,87.0,,9
2025-10-05,300,155,60,2360,155,87.0,,9
2025-10-06,320,155,60,2440,155,87.0,,10
2025-10-07,320,155,60,2440,155,87.0,,10
2025-10-08,300,155,60,2360,155,87.0,,10
2025-10-09,320,155,60,2440,155,87.0,,10
2025-10-10,300,155,60,2360,155,87.0,,10
2025-10-11,320,155,60,2440,155,86.0,,10
2025-10-12,300,155,60,2360,155,86.0,,10
2025-10-13,280,175,60,2360,200,86.0,,10
2025-10-14,280,175,60,2360,200,86.0,,10
2025-10-15,280,175,60,2360,200,86.0,,10
2025-10-16,280,175,60,2360,200,86.0,,10
2025-10-17,280,175,60,2360,200,86.0,,10
2025-10-18,280,175,60,2360,200,86.0,,10
2025-10-19,280,175,60,2360,200,86.0,,10
2025-10-20,280,175,60,2360,200,86.0,,10
2025-10-21,280,175,60,2360,200,86.0,,10
2025-10-22,280,175,60,2360,200,86.0,,10
2025-10-23,280,175,60,2360,200,86.4,,10
2025-10-24,280,175,60,2360,200,86.4,,10
2025-10-25,280,175,60,2360,200,86.4,,10
2025-10-26,280,175,60,2360,200,86.4,,10
2025-10-27,280,175,60,2360,200,86.4,,10
2025-10-28,280,180,60,2360,200,86.4,,10
2025-10-29,260,180,60,2300,200,86.4,,10
2025-10-30,260,180,60,2300,200,86.3,,10
2025-10-31,260,180,60,2300,200,86.3,,10
2025-11-01,260,180,60,2300,200,86.0,,10
2025-11-02,260,180,60,2300,200,86.0,,10
2025-11-03,260,180,60,2300,200,86.0,,10
2025-11-04,260,180,60,2300,200,86.0,,10
2025-11-05,260,180,60,2300,200,85.7,,10
2025-11-06,260,180,60,2300,200,85.5,,10
2025-11-07,260,180,60,2300,200,85.5,,10
2025-11-08,260,180,60,2300,200,85.5,,10
2025-11-09,260,180,60,2300,200,85.5,,10
2025-11-10,311,179,40,2320,200,85.5,,10
2025-11-11,305,181,42,2322,200,85.5,,10
2025-11-12,306,180,42,2322,200,85.5,,10
2025-11-13,305,179,42,2314,200,85.0,,10
2025-11-14,306,182,42,2330,200,85.0,,10
2025-11-15,260,180,60,2300,200,84.9,ref livre - prato de comida a vontade,10
2025-11-16,260,180,60,2300,200,84.9,,10
2025-11-17,260,180,60,2300,200,84.9,,10
2025-11-18,260,180,60,2300,200,84.9,,10
2025-11-19,260,180,60,2300,200,84.9,,10
2025-11-20,260,180,60,2300,200,84.4,Viagem Petar - sem dieta e treino,10
2025-11-21,260,180,60,2300,200,84.4,Viagem Petar - sem dieta e treino,10
2025-11-22,260,180,60,2300,200,84.4,Viagem Petar - sem dieta e treino,10
2025-11-23,260,180,60,2300,200,84.4,Viagem Petar - sem dieta e treino,10
2025-11-24,260,180,60,2300,200,84.4,,10
2025-11-25,260,180,60,2300,200,84.4,,10
2025-11-26,260,180,60,2300,200,84.4,,10
2025-11-27,260,180,60,2300,200,84.4,,10
2025-11-28,260,180,60,2300,200,84.4,,10
2025-11-29,260,180,60,2300,200,84.6,,10
2025-11-30,260,180,60,2300,200,84.6,,10
2025-12-01,240,200,60,2300,200,84.6,,10
2025-12-02,240,200,60,2300,200,84.6,,10
2025-12-03,240,200,60,2300,200,84.6,,10
2025-12-04,225,190,60,2200,200,84.7,,10
2025-12-05,225,190,60,2200,200,84.1,,10
2025-12-06,225,190,60,2200,200,84.1,Ref livre leve - macarrão,10
2025-12-07,225,190,60,2200,200,84.1,Corrida,10
2025-12-08,225,200,60,2240,200,84.1,,10
2025-12-09,225,200,60,2240,200,84.1,,10
2025-12-10,225,200,60,2240,200,84.1,,10
2025-12-11,225,190,60,2200,200,82.7,,10
2025-12-12,225,190,60,2200,200,82.7,São Paulo: Comi fora e livre no Outback,10
2025-12-13,225,190,60,2200,200,82.7,Ref livre 2: Hamburger,10
2025-12-14,225,190,60,2200,200,82.7,"Almoço fora, mas controlado",10
2025-12-15,225,190,60,2200,200,82.7,,10
2025-12-16,225,190,60,2200,200,82.7,,10
2025-12-17,225,190,60,2200,200,82.7,,10
2025-12-18,225,190,60,2200,200,82.7,,10
2025-12-19,225,190,60,2200,200,83.0,,10
2025-12-20,200,190,60,2100,200,83.0,,10
2025-12-21,200,190,60,2100,200,83.0,,10
2025-12-22,200,190,60,2100,200,83.0,,10
2025-12-23,200,190,60,2100,200,83.0,,10
2025-12-24,200,190,60,2100,200,83.2,,10
2025-12-25,200,190,60,2100,200,83.2,,10
2025-12-26,200,190,60,2100,200,83.2,,10
2025-12-27,200,190,60,2100,200,83.2,,10
2025-12-28,200,190,60,2100,200,83.2,,10
2025-12-29,200,190,60,2100,200,83.2,,10
2025-12-30,200,190,60,2100,200,83.2,,10
2025-12-31,200,190,60,2100,200,83.2,,10
2026-01-01,200,190,60,2100,200,83.2,,10
2026-01-02,200,190,60,2100,200,83.2,,10
2026-01-03,200,190,60,2100,200,83.2,,10
2026-01-04,200,190,60,2100,200,83.2,,10
2026-01-05,227,192,36,2000,200,83.2,,10
2026-01-06,236,194,38,2062,200,83.2,,10
2026-01-07,242,190,37,2061,200,82.5,,10
2026-01-08,236,190,38,2046,200,82.5,,10
2026-01-09,175,190,60,2000,200,82.1,,10
2026-01-10,175,190,60,2000,200,82.1,,10
2026-01-11,175,190,60,2000,200,82.1,,10
